Step Number,Title,Description
1,Ambivalence,Understanding mixed feelings about change
2,Focus Habits,Select your key transformation habits
3,Internal Obstacles,Identify your internal barriers
4,Attitude Check,Assess your attitude towards your goal
5,Behaviors,Identify behaviors that may hold you back
6,Knowledge Gaps,Identify areas of uncertainty
7,Social Network,Evaluate your support system
8,Cultural Obstacles,Identify cultural barriers to change
9,Environmental Stressors,Identify environmental barriers
10,Identifying Ambivalence,Explore your mixed feelings about change
11,Addressing Ambivalence,Develop strategies for managing emotions
12,External Obstacles,Identify and solve external barriers to your goal
13,Thinking Assertively,Develop assertiveness skills
14,Exploring Values,Identify and prioritize your core values
15,Clarifying Values,Define and align your core values
16,Exceptions to the Rule,Document your success in overcoming obstacles
17,Past Success,Reflect on past achievements to build confidence
18,Exploring Change,Begin charting your path to transformation
19,How Important Is It?,Understanding the importance of change
20,What Would Change Look Like?,Visualizing your fitness transformation
21,Understanding Values,Explore and understand your core values
22,Finding Hope,Discover sources of hope and motivation
23,Realistic Change,Set realistic expectations for change
24,Past Success,Reflect on past achievements
25,Past Successes Areas,Identify areas where you've succeeded before
26,Self Observation,Develop awareness of your patterns
27,Defining Confidence,Understand what confidence means to you
28,Creating Confidence Scale,Build a personal scale to measure confidence
29,Giving Confidence Score,Assess your current confidence level
30,Importance-Confidence,Balance importance with confidence
31,Obstacles to Opportunities,Transform challenges into possibilities
32,External Obstacles,Identify external barriers to change
33,Internal Obstacles,Recognize internal resistance to change
34,Cultural Obstacles,Identify cultural barriers to change
35,Confidence Talk,Develop positive self-talk for confidence
36,Mindfulness,Practice mindfulness for change
37,Environmental Resources,Identify resources in your environment
38,Financial Resources,Assess financial resources for your journey
39,Social Support,Build your social support network
40,Family Strengths,Leverage family support and strengths
41,Social-Cultural Resources,Utilize social and cultural resources
42,Resource Development,Develop and grow your resources
43,Coping Mechanisms,Develop healthy coping strategies
44,Control,Identify what you can and cannot control
45,Social Network,Map your social connections
46,Support System Roles,Define roles in your support system
47,Social System Boundaries,Establish healthy boundaries
48,Finding Community,Connect with supportive communities
49,Assessing Confidence Steps,Evaluate confidence in your plan steps
50,The Change Plan,Develop your comprehensive change plan
51,How Stressed Am I,Assess your current stress levels
52,Environmental Stressors,Identify stressors in your environment
53,Identifying Stress Types,Recognize different types of stress
54,Managing Stress,Develop strategies to manage stress
55,Partial Change Feelings,Handle emotions during partial progress
56,Time Management,Manage your time effectively for change
57,Priorities,Set clear priorities for your journey
58,Finding Inspiration,Discover sources of ongoing inspiration
59,Build on Your Strengths,Leverage your personal strengths
60,Envisioning Change,Visualize your transformation journey
61,Think About Big Picture,Connect your changes to larger goals
62,Visualize Results,Create mental images of success
63,They See Your Strengths,Recognize how others see your potential
64,Growth Mindset,Develop a mindset for continuous growth
65,You Have What It Takes,Build confidence in your capabilities
66,Getting Ready,Prepare for active change implementation
67,Where Are You Now,Assess your current position
68,Developing Objectives for Your Goal,Create specific measurable objectives
69,Rewards Create an Incentive to Change,Understand the power of rewards
70,Narrowing Down Rewards,Select effective personal rewards
71,Rewards: Events and Activities,Plan rewarding events and activities
72,Rewards from People Who Matter,Involve important people in your rewards
73,Dealing With Setbacks: Stress Check,Monitor stress during setbacks
74,Dealing With Setbacks: Self-Care,Practice self-care during challenges
75,Dealing With Setbacks: Recommit,Renew your commitment after setbacks
76,Taking Another Step Toward Change,Continue moving forward on your journey
77,Be Consistent,Develop consistency in your habits
78,Get Organized,Create systems to support your change
79,Seek Positive Information,Find supportive knowledge and guidance
80,Small Steps,Break changes into manageable actions
81,Setting Ceiling & Floor,Establish realistic boundaries
82,Thinking Assertively,Develop assertive thought patterns
83,Helpful Ideas,Generate supportive thoughts and concepts
84,Exceptions to Rule,Identify when change patterns are broken
85,Monitoring Your Progress,Track and assess your journey
86,Affirmations,Create powerful positive statements
87,Revisit Values,Reconnect with your core values
88,Assessing Importance: Steps Forward,Evaluate the importance of next steps
89,Identifying Steps to Goal,Map the path to your objectives
90,Change Your Plan,Adapt your approach as needed
91,A Final Word: Your Fitness Journey Begins Now!,Celebrate your progress and look forward
92,Making Your Goal Measurable,Create trackable metrics for success
93,Focused Habits Selector,Choose key habits for transformation
94,Prioritizing Change,Focus on the most important changes